{
	"bmi-installation" : null,
	"compiler-frontend-variant" : "MSVC",
	"compiler-id" : "MSVC",
	"compiler-simulate-id" : "",
	"config" : "Debug",
	"cxx-modules" : {},
	"dir-cur-bld" : "C:/Users/mbwor/Desktop/WhiteEngine-dev/WhiteEngine/out/build/x64-Debug",
	"dir-cur-src" : "C:/Users/mbwor/Desktop/WhiteEngine-dev/WhiteEngine",
	"dir-top-bld" : "C:/Users/mbwor/Desktop/WhiteEngine-dev/WhiteEngine/out/build/x64-Debug",
	"dir-top-src" : "C:/Users/mbwor/Desktop/WhiteEngine-dev/WhiteEngine",
	"exports" : [],
	"forward-modules-from-target-dirs" : [],
	"include-dirs" : 
	[
		"C:\\Users\\mbwor\\Desktop\\WhiteEngine-dev\\WhiteEngine\\include\\glm",
		"C:\\Users\\mbwor\\Desktop\\WhiteEngine-dev\\WhiteEngine\\include\\stb",
		"C:\\Users\\mbwor\\Desktop\\WhiteEngine-dev\\WhiteEngine\\include\\assimp\\include",
		"C:\\Users\\mbwor\\Desktop\\WhiteEngine-dev\\WhiteEngine\\include\\glad\\include",
		"C:\\Users\\mbwor\\Desktop\\WhiteEngine-dev\\WhiteEngine\\include\\glfw\\include",
		"C:\\Users\\mbwor\\Desktop\\WhiteEngine-dev\\WhiteEngine\\include\\spdlog\\include"
	],
	"language" : "CXX",
	"linked-target-dirs" : [],
	"module-dir" : "C:/Users/mbwor/Desktop/WhiteEngine-dev/WhiteEngine/out/build/x64-Debug/CMakeFiles/WhiteEngine.dir"
}